REVISION,DATA STATUS,LOCATION,PARENT EQUIPMENT,PARENT ITEM TAG,ASSET ROLE,ITEM TAG,DESCRIPTION,PANEL LOCATION,PANEL TAG,SUPPLY BUS,EQUIPMENT TYPE,STARTER TYPE,TYPICAL SCHEMATIC,CLASS,DUTY,COINCIDENCE FACTOR,SUPPLY AC/DC,PHASE ARRANGEMENT,RATED VOLTAGE [kV],POWER FACTOR AT DEMAND,EFFICIENCY AT DEMAND,RATED POWER,RATED UOM,ABSORBED POWER,ABSORBED UOM,DEMAND FACTOR,ELEC. CONSUMED POWER,CONSUMED UOM,FULL LOAD CURRENT [A],HAZARDOUS AREA,EXPLOSION PROTECTION,SUBTATION,CABL LENGTH,PARENT TRANSFORMER OF PANEL OR DIREC FEEDER (FDR),REMARKS,SPID
A,E,\SYN\MAIN,,,ELECTRICAL_ASSET,KPL2-GRID-3300-UTIL01,UTILITY GRID CONNECTION,,,,UG,FDR,FD-ASSET,N,C,1,AC,3PNG,33.0,,,10000,kW,,kW,1,,kW,,Safe Area,-,KPL2-MAIN-SUB00,,,Synthetic hierarchy asset row,SYN-ASSET-0001
A,E,\SYN\MAIN,KPL2-GRID-3300-UTIL01,KPL2-GRID-3300-UTIL01,ELECTRICAL_ASSET,KPL2-MAIN-3300-SWGR01,MAIN INCOMING SWITCHGEAR,,KPL2-GRID-3300-UTIL01,KPL2-GRID-3300-UTIL01,HV,FDR,FD-ASSET,N,C,1,AC,3PNG,33.0,,,8000,kW,,kW,1,,kW,,Safe Area,-,KPL2-MAIN-SUB00,,KPL2-GRID-3300-UTIL01,Synthetic hierarchy asset row,SYN-ASSET-0002
A,E,\SYN\MAIN,KPL2-MAIN-3300-SWGR01,KPL2-MAIN-3300-SWGR01,ELECTRICAL_ASSET,KPL2-MAIN-3300-TR00,MAIN POWER TRANSFORMER 33/6.6 kV,,KPL2-MAIN-3300-SWGR01,KPL2-MAIN-3300-SWGR01,TA,FDR,FD-ASSET,N,C,1,AC,3PNG,33.0,,,6300,kW,,kW,1,,kW,,Safe Area,-,KPL2-MAIN-SUB00,,KPL2-MAIN-3300-SWGR01,Synthetic hierarchy asset row,SYN-ASSET-0003
A,E,\SYN\MAIN,KPL2-MAIN-3300-TR00,KPL2-MAIN-3300-TR00,ELECTRICAL_ASSET,KPL2-MAIN-6600-MVDB01,MAIN MV DISTRIBUTION BOARD,,KPL2-MAIN-3300-TR00,KPL2-MAIN-3300-TR00,HV,FDR,FD-ASSET,N,C,1,AC,3PNG,6.6,,,6000,kW,,kW,1,,kW,,Safe Area,-,KPL2-MAIN-SUB00,,KPL2-MAIN-3300-TR00,Synthetic hierarchy asset row,SYN-ASSET-0004
A,E,\SYN\A10,KPL2-MAIN-6600-MVDB01,KPL2-MAIN-6600-MVDB01,ELECTRICAL_ASSET,KPL2-A10-410-TR01,AREA A10 POWER TRANSFORMER 6.6/0.4 kV,,KPL2-MAIN-6600-MVDB01,KPL2-MAIN-6600-MVDB01,TA,FDR,FD-ASSET,N,C,1,AC,3PNG,6.6,,,1250,kW,,kW,1,,kW,,Safe Area,-,KPL2-A10-410-SUB01,,KPL2-MAIN-6600-MVDB01,Synthetic hierarchy asset row,SYN-ASSET-0005
A,E,\SYN\B20,KPL2-MAIN-6600-MVDB01,KPL2-MAIN-6600-MVDB01,ELECTRICAL_ASSET,KPL2-B20-420-TR02,AREA B20 POWER TRANSFORMER 6.6/0.4 kV,,KPL2-MAIN-6600-MVDB01,KPL2-MAIN-6600-MVDB01,TA,FDR,FD-ASSET,N,C,1,AC,3PNG,6.6,,,1600,kW,,kW,1,,kW,,Safe Area,-,KPL2-B20-420-SUB02,,KPL2-MAIN-6600-MVDB01,Synthetic hierarchy asset row,SYN-ASSET-0006
A,E,\SYN\C30,KPL2-MAIN-6600-MVDB01,KPL2-MAIN-6600-MVDB01,ELECTRICAL_ASSET,KPL2-C30-430-TR03,AREA C30 POWER TRANSFORMER 6.6/0.4 kV,,KPL2-MAIN-6600-MVDB01,KPL2-MAIN-6600-MVDB01,TA,FDR,FD-ASSET,N,C,1,AC,3PNG,6.6,,,1500,kW,,kW,1,,kW,,Safe Area,-,KPL2-C30-430-SUB03,,KPL2-MAIN-6600-MVDB01,Synthetic hierarchy asset row,SYN-ASSET-0007
A,E,\SYN\Z90,KPL2-UNKNOWN-FEEDER,KPL2-UNKNOWN-FEEDER,ELECTRICAL_ASSET,KPL2-Z90-999-TR99,UNVERIFIED SYNTHETIC TRANSFORMER,,KPL2-UNKNOWN-FEEDER,KPL2-UNKNOWN-FEEDER,TA,FDR,FD-ASSET,N,C,1,AC,3PNG,6.6,,,250,kW,,kW,1,,kW,,Safe Area,-,KPL2-Z90-999-SUB99,,KPL2-UNKNOWN-FEEDER,Synthetic hierarchy asset row,SYN-ASSET-0008
A,E,\SYN\A10,KPL2-A10-410-TR01,KPL2-A10-410-TR01,ELECTRICAL_ASSET,KPL2-A10-410-LV01-SWBD01,AREA A10 LV SWITCHBOARD,,KPL2-A10-410-TR01,KPL2-A10-410-TR01,LV,FDR,FD-ASSET,N,C,1,AC,3PNG,0.4,,,1200,kW,,kW,1,,kW,,Safe Area,-,KPL2-A10-410-SUB01,,KPL2-A10-410-TR01,Synthetic hierarchy asset row,SYN-ASSET-0009
A,E,\SYN\B20,KPL2-B20-420-TR02,KPL2-B20-420-TR02,ELECTRICAL_ASSET,KPL2-B20-420-LV02-SWBD02,AREA B20 LV SWITCHBOARD,,KPL2-B20-420-TR02,KPL2-B20-420-TR02,LV,FDR,FD-ASSET,N,C,1,AC,3PNG,0.4,,,1500,kW,,kW,1,,kW,,Safe Area,-,KPL2-B20-420-SUB02,,KPL2-B20-420-TR02,Synthetic hierarchy asset row,SYN-ASSET-0010
A,E,\SYN\C30,KPL2-C30-430-TR03,KPL2-C30-430-TR03,ELECTRICAL_ASSET,KPL2-C30-430-LV03-SWBD03,AREA C30 LV SWITCHBOARD,,KPL2-C30-430-TR03,KPL2-C30-430-TR03,LV,FDR,FD-ASSET,N,C,1,AC,3PNG,0.4,,,900,kW,,kW,1,,kW,,Safe Area,-,KPL2-C30-430-SUB03,,KPL2-C30-430-TR03,Synthetic hierarchy asset row,SYN-ASSET-0011
A,E,\SYN\C30,KPL2-MAIN-6600-MVDB01,KPL2-MAIN-6600-MVDB01,ELECTRICAL_ASSET,KPL2-C30-430-MV01-SWBD03,AREA C30 MV SWITCHBOARD,,KPL2-MAIN-6600-MVDB01,KPL2-MAIN-6600-MVDB01,HV,FDR,FD-ASSET,N,C,1,AC,3PNG,6.6,,,4000,kW,,kW,1,,kW,,Safe Area,-,KPL2-C30-430-SUB03,,KPL2-MAIN-6600-MVDB01,Synthetic hierarchy asset row,SYN-ASSET-0012
A,E,\SYN\Z90,KPL2-Z90-999-TR99,KPL2-Z90-999-TR99,ELECTRICAL_ASSET,KPL2-Z90-999-LV99-SWBD99,UNVERIFIED SYNTHETIC LV SWITCHBOARD,,KPL2-Z90-999-TR99,KPL2-Z90-999-TR99,LV,FDR,FD-ASSET,N,C,1,AC,3PNG,0.4,,,80,kW,,kW,1,,kW,,Safe Area,-,KPL2-Z90-999-SUB99,,KPL2-Z90-999-TR99,Synthetic hierarchy asset row,SYN-ASSET-0013
A,E,\SYN\A10,KPL2-A10-410-LV01-SWBD01,KPL2-A10-410-LV01-SWBD01,ELECTRICAL_ASSET,KPL2-A10-410-LV01-MCC01,AREA A10 MCC 01,,KPL2-A10-410-LV01-SWBD01,KPL2-A10-410-LV01-SWBD01,MCC,FDR,FD-ASSET,N,C,1,AC,3PNG,0.4,,,520,kW,,kW,1,,kW,,Safe Area,-,KPL2-A10-410-SUB01,,KPL2-A10-410-LV01-SWBD01,Synthetic hierarchy asset row,SYN-ASSET-0014
A,E,\SYN\A10,KPL2-A10-410-LV01-SWBD01,KPL2-A10-410-LV01-SWBD01,ELECTRICAL_ASSET,KPL2-A10-410-LV01-MCC02,AREA A10 MCC 02,,KPL2-A10-410-LV01-SWBD01,KPL2-A10-410-LV01-SWBD01,MCC,FDR,FD-ASSET,N,C,1,AC,3PNG,0.4,,,450,kW,,kW,1,,kW,,Safe Area,-,KPL2-A10-410-SUB01,,KPL2-A10-410-LV01-SWBD01,Synthetic hierarchy asset row,SYN-ASSET-0015
A,E,\SYN\A10,KPL2-A10-410-LV01-SWBD01,KPL2-A10-410-LV01-SWBD01,ELECTRICAL_ASSET,KPL2-A10-410-LV01-DB01,AREA A10 DISTRIBUTION BOARD 01,,KPL2-A10-410-LV01-SWBD01,KPL2-A10-410-LV01-SWBD01,LV,FDR,FD-ASSET,N,C,1,AC,3PNG,0.4,,,350,kW,,kW,1,,kW,,Safe Area,-,KPL2-A10-410-SUB01,,KPL2-A10-410-LV01-SWBD01,Synthetic hierarchy asset row,SYN-ASSET-0016
A,E,\SYN\B20,KPL2-B20-420-LV02-SWBD02,KPL2-B20-420-LV02-SWBD02,ELECTRICAL_ASSET,KPL2-B20-420-LV02-MCC03,AREA B20 MCC 03,,KPL2-B20-420-LV02-SWBD02,KPL2-B20-420-LV02-SWBD02,MCC,FDR,FD-ASSET,N,C,1,AC,3PNG,0.4,,,900,kW,,kW,1,,kW,,Safe Area,-,KPL2-B20-420-SUB02,,KPL2-B20-420-LV02-SWBD02,Synthetic hierarchy asset row,SYN-ASSET-0017
A,E,\SYN\B20,KPL2-B20-420-LV02-SWBD02,KPL2-B20-420-LV02-SWBD02,ELECTRICAL_ASSET,KPL2-B20-420-LV02-MCC04,AREA B20 MCC 04,,KPL2-B20-420-LV02-SWBD02,KPL2-B20-420-LV02-SWBD02,MCC,FDR,FD-ASSET,N,C,1,AC,3PNG,0.4,,,450,kW,,kW,1,,kW,,Safe Area,-,KPL2-B20-420-SUB02,,KPL2-B20-420-LV02-SWBD02,Synthetic hierarchy asset row,SYN-ASSET-0018
A,E,\SYN\B20,KPL2-B20-420-LV02-SWBD02,KPL2-B20-420-LV02-SWBD02,ELECTRICAL_ASSET,KPL2-B20-420-LV02-DB02,AREA B20 DISTRIBUTION BOARD 02,,KPL2-B20-420-LV02-SWBD02,KPL2-B20-420-LV02-SWBD02,LV,FDR,FD-ASSET,N,C,1,AC,3PNG,0.4,,,150,kW,,kW,1,,kW,,Safe Area,-,KPL2-B20-420-SUB02,,KPL2-B20-420-LV02-SWBD02,Synthetic hierarchy asset row,SYN-ASSET-0019
A,E,\SYN\C30,KPL2-C30-430-LV03-SWBD03,KPL2-C30-430-LV03-SWBD03,ELECTRICAL_ASSET,KPL2-C30-430-LV03-MCC05,AREA C30 MCC 05,,KPL2-C30-430-LV03-SWBD03,KPL2-C30-430-LV03-SWBD03,MCC,FDR,FD-ASSET,N,C,1,AC,3PNG,0.4,,,500,kW,,kW,1,,kW,,Safe Area,-,KPL2-C30-430-SUB03,,KPL2-C30-430-LV03-SWBD03,Synthetic hierarchy asset row,SYN-ASSET-0020
A,E,\SYN\C30,KPL2-C30-430-LV03-SWBD03,KPL2-C30-430-LV03-SWBD03,ELECTRICAL_ASSET,KPL2-C30-430-LV03-MCC06,AREA C30 MCC 06,,KPL2-C30-430-LV03-SWBD03,KPL2-C30-430-LV03-SWBD03,MCC,FDR,FD-ASSET,N,C,1,AC,3PNG,0.4,,,200,kW,,kW,1,,kW,,Safe Area,-,KPL2-C30-430-SUB03,,KPL2-C30-430-LV03-SWBD03,Synthetic hierarchy asset row,SYN-ASSET-0021
A,E,\SYN\C30,KPL2-C30-430-MV01-SWBD03,KPL2-C30-430-MV01-SWBD03,ELECTRICAL_ASSET,KPL2-C30-430-MV01-SWG01,AREA C30 MV FEEDER SWITCHGEAR 01,,KPL2-C30-430-MV01-SWBD03,KPL2-C30-430-MV01-SWBD03,HV,FDR,FD-ASSET,N,C,1,AC,3PNG,6.6,,,3800,kW,,kW,1,,kW,,Safe Area,-,KPL2-C30-430-SUB03,,KPL2-C30-430-MV01-SWBD03,Synthetic hierarchy asset row,SYN-ASSET-0022
A,E,\SYN\Z90,KPL2-Z90-999-LV99-SWBD99,KPL2-Z90-999-LV99-SWBD99,ELECTRICAL_ASSET,KPL2-Z90-999-LV99-MCC99,UNVERIFIED SYNTHETIC MCC 99,,KPL2-Z90-999-LV99-SWBD99,KPL2-Z90-999-LV99-SWBD99,MCC,FDR,FD-ASSET,N,C,1,AC,3PNG,0.4,,,60,kW,,kW,1,,kW,,Safe Area,-,KPL2-Z90-999-SUB99,,KPL2-Z90-999-LV99-SWBD99,Synthetic hierarchy asset row,SYN-ASSET-0023
A,E,\NEX\A10\410,KPL2-A10-410-LV01-MCC01,KPL2-A10-410-LV01-MCC01,FINAL_LOAD,KPL2-A10-410-PP001,PROCESS PUMP,\NEX\A10\410,KPL2-A10-410-LV01-MCC01,-,MAA,VSD,FD-LV-MOT,N,C,1,AC,3PNG,0.4,0.88,0.92,1.5,kW,1.35,kW,0.7,0.94,kW,1.5,Safe Area,-,KPL2-A10-410-SUB01,35,KPL2-A10-410-TR01,Synthetic final load record,SYN-LOAD-0001
A,E,\NEX\A10\410,KPL2-A10-410-LV01-MCC01,KPL2-A10-410-LV01-MCC01,FINAL_LOAD,KPL2-A10-410-FN001,VENTILATION FAN,\NEX\A10\410,KPL2-A10-410-LV01-MCC01,A,MAA,DOL,FD-LV-MOT,N,C,1,AC,3PNG,0.4,0.86,0.9,2.2,kW,1.9,kW,0.6,1.14,kW,1.9,Safe Area,-,KPL2-A10-410-SUB01,50,KPL2-A10-410-TR01,Synthetic final load record,SYN-LOAD-0002
A,E,\NEX\A10\410,KPL2-A10-410-LV01-MCC01,KPL2-A10-410-LV01-MCC01,FINAL_LOAD,KPL2-A10-410-FN002,VENTILATION FAN,\NEX\A10\410,KPL2-A10-410-LV01-MCC01,-,MAA,DOL,FD-LV-MOT,U,I,0,AC,3PNG,0.4,0.86,0.9,22,kW,15.98,kW,0.7,11.19,kW,18.8,Safe Area,-,KPL2-A10-410-SUB01,95,KPL2-A10-410-TR01,Synthetic final load record,SYN-LOAD-0003
A,E,\NEX\A10\410,KPL2-A10-410-LV01-MCC01,KPL2-A10-410-LV01-MCC01,FINAL_LOAD,KPL2-A10-410-CP001,AIR COMPRESSOR,\NEX\A10\410,KPL2-A10-410-LV01-MCC01,-,MAA,VSD,FD-LV-MOT,N,C,1,AC,3PNG,0.4,0.89,0.93,4,kW,3.31,kW,0.8,2.65,kW,4.3,Safe Area,-,KPL2-A10-410-SUB01,80,KPL2-A10-410-TR01,Synthetic final load record,SYN-LOAD-0004
A,E,\NEX\A10\410,KPL2-A10-410-LV01-MCC01,KPL2-A10-410-LV01-MCC01,FINAL_LOAD,KPL2-A10-410-MX001,MIXER DRIVE,\NEX\A10\410,KPL2-A10-410-LV01-MCC01,B,MAA,VSD,FD-LV-MOT,N,C,1,AC,3PNG,0.4,0.88,0.92,5.5,kW,4.17,kW,0.8,3.34,kW,5.5,Safe Area,-,KPL2-A10-410-SUB01,35,KPL2-A10-410-TR01,Synthetic final load record,SYN-LOAD-0005
A,E,\NEX\A10\410,KPL2-A10-410-LV01-MCC01,KPL2-A10-410-LV01-MCC01,FINAL_LOAD,KPL2-A10-410-MX002,MIXER DRIVE,\NEX\A10\410,KPL2-A10-410-LV01-MCC01,B,MAA,VSD,FD-LV-MOT,U,C,1,AC,3PNG,0.4,0.88,0.92,55,kW,44.14,kW,0.8,35.31,kW,57.9,Safe Area,-,KPL2-A10-410-SUB01,95,KPL2-A10-410-TR01,Synthetic final load record,SYN-LOAD-0006
A,E,\NEX\A10\410,KPL2-A10-410-LV01-MCC01,KPL2-A10-410-LV01-MCC01,FINAL_LOAD,KPL2-A10-410-PP002,PROCESS PUMP,\NEX\A10\410,KPL2-A10-410-LV01-MCC01,-,MAA,VSD,FD-LV-MOT,U,S,0,AC,3PNG,0.4,0.88,0.92,75,kW,60.81,kW,1.0,60.81,kW,99.7,Safe Area,-,KPL2-A10-410-SUB01,150,KPL2-A10-410-TR01,Synthetic final load record,SYN-LOAD-0007
A,E,\NEX\A10\410,KPL2-A10-410-LV01-MCC01,KPL2-A10-410-LV01-MCC01,FINAL_LOAD,KPL2-A10-410-MX003,MIXER DRIVE,\NEX\A10\410,KPL2-A10-410-LV01-MCC01,A,MAA,VSD,FD-LV-MOT,U,C,1,AC,3PNG,0.4,0.88,0.92,22,kW,16.86,kW,0.6,10.12,kW,16.6,Safe Area,-,KPL2-A10-410-SUB01,150,KPL2-A10-410-TR01,Synthetic final load record,SYN-LOAD-0008
A,E,\NEX\A10\410,KPL2-A10-410-LV01-MCC01,KPL2-A10-410-LV01-MCC01,FINAL_LOAD,KPL2-A10-410-MX004,MIXER DRIVE,\NEX\A10\410,KPL2-A10-410-LV01-MCC01,B,MAA,VSD,FD-LV-MOT,E,S,0,AC,3PNG,0.4,0.88,0.92,2.2,kW,2.04,kW,0.6,1.22,kW,2.0,Safe Area,-,KPL2-A10-410-SUB01,120,KPL2-A10-410-TR01,Synthetic final load record,SYN-LOAD-0009
A,E,\NEX\A10\410,KPL2-A10-410-LV01-MCC01,KPL2-A10-410-LV01-MCC01,FINAL_LOAD,KPL2-A10-410-MX005,MIXER DRIVE,\NEX\A10\410,KPL2-A10-410-LV01-MCC01,-,MAA,VSD,FD-LV-MOT,E,I,0,AC,3PNG,0.4,0.88,0.92,3,kW,2.43,kW,0.7,1.7,kW,2.8,Safe Area,-,KPL2-A10-410-SUB01,120,KPL2-A10-410-TR01,Synthetic final load record,SYN-LOAD-0010
A,E,\NEX\A10\410,KPL2-A10-410-LV01-MCC01,KPL2-A10-410-LV01-MCC01,FINAL_LOAD,KPL2-A10-410-PP003,PROCESS PUMP,\NEX\A10\410,KPL2-A10-410-LV01-MCC01,A,MAA,VSD,FD-LV-MOT,N,I,0,AC,3PNG,0.4,0.88,0.92,22,kW,19.19,kW,1.0,19.19,kW,31.5,Safe Area,-,KPL2-A10-410-SUB01,80,KPL2-A10-410-TR01,Synthetic final load record,SYN-LOAD-0011
A,E,\NEX\A10\410,KPL2-A10-410-LV01-MCC01,KPL2-A10-410-LV01-MCC01,FINAL_LOAD,KPL2-A10-410-CP002,AIR COMPRESSOR,\NEX\A10\410,KPL2-A10-410-LV01-MCC01,B,MAA,VSD,FD-LV-MOT,U,C,1,AC,3PNG,0.4,0.89,0.93,5.5,kW,5.27,kW,1.0,5.27,kW,8.5,Safe Area,-,KPL2-A10-410-SUB01,150,KPL2-A10-410-TR01,Synthetic final load record,SYN-LOAD-0012
A,E,\NEX\A10\410,KPL2-A10-410-LV01-MCC01,KPL2-A10-410-LV01-MCC01,FINAL_LOAD,KPL2-A10-410-PP004,PROCESS PUMP,\NEX\A10\410,KPL2-A10-410-LV01-MCC01,A,MAA,VSD,FD-LV-MOT,E,S,0,AC,3PNG,0.4,0.88,0.92,4,kW,3.67,kW,0.8,2.94,kW,4.8,Safe Area,-,KPL2-A10-410-SUB01,50,KPL2-A10-410-TR01,Synthetic final load record,SYN-LOAD-0013
A,E,\NEX\A10\410,KPL2-A10-410-LV01-MCC01,KPL2-A10-410-LV01-MCC01,FINAL_LOAD,KPL2-A10-410-FN003,VENTILATION FAN,\NEX\A10\410,KPL2-A10-410-LV01-MCC01,B,MAA,DOL,FD-LV-MOT,E,I,0,AC,3PNG,0.4,0.86,0.9,75,kW,66.92,kW,0.7,46.84,kW,78.6,Safe Area,-,KPL2-A10-410-SUB01,120,KPL2-A10-410-TR01,Synthetic final load record,SYN-LOAD-0014
A,E,\NEX\A10\410,KPL2-A10-410-LV01-MCC01,KPL2-A10-410-LV01-MCC01,FINAL_LOAD,KPL2-A10-410-CP003,AIR COMPRESSOR,\NEX\A10\410,KPL2-A10-410-LV01-MCC01,-,MAA,VSD,FD-LV-MOT,U,I,0,AC,3PNG,0.4,0.89,0.93,3,kW,2.35,kW,0.7,1.65,kW,2.7,Safe Area,-,KPL2-A10-410-SUB01,65,KPL2-A10-410-TR01,Synthetic final load record,SYN-LOAD-0015
A,E,\NEX\A10\410,KPL2-A10-410-LV01-MCC01,KPL2-A10-410-LV01-MCC01,FINAL_LOAD,KPL2-A10-410-FN004,VENTILATION FAN,\NEX\A10\410,KPL2-A10-410-LV01-MCC01,A,MAA,DOL,FD-LV-MOT,N,S,0,AC,3PNG,0.4,0.86,0.9,11,kW,10.29,kW,0.9,9.26,kW,15.5,Safe Area,-,KPL2-A10-410-SUB01,95,KPL2-A10-410-TR01,Synthetic final load record,SYN-LOAD-0016
A,E,\NEX\A10\410,KPL2-A10-410-LV01-MCC01,KPL2-A10-410-LV01-MCC01,FINAL_LOAD,KPL2-A10-410-CP004,AIR COMPRESSOR,\NEX\A10\410,KPL2-A10-410-LV01-MCC01,A,MAA,VSD,FD-LV-MOT,U,C,1,AC,3PNG,0.4,0.89,0.93,2.2,kW,1.98,kW,0.6,1.19,kW,1.9,Safe Area,-,KPL2-A10-410-SUB01,150,KPL2-A10-410-TR01,Synthetic final load record,SYN-LOAD-0017
A,E,\NEX\A10\410,KPL2-A10-410-LV01-MCC01,KPL2-A10-410-LV01-MCC01,FINAL_LOAD,KPL2-A10-410-CP005,AIR COMPRESSOR,\NEX\A10\410,KPL2-A10-410-LV01-MCC01,-,MAA,VSD,FD-LV-MOT,E,I,0,AC,3PNG,0.4,0.89,0.93,22,kW,16.18,kW,0.9,14.56,kW,23.6,Safe Area,-,KPL2-A10-410-SUB01,65,KPL2-A10-410-TR01,Synthetic final load record,SYN-LOAD-0018
A,E,\NEX\A10\410,KPL2-A10-410-LV01-MCC01,KPL2-A10-410-LV01-MCC01,FINAL_LOAD,KPL2-A10-410-FN005,VENTILATION FAN,\NEX\A10\410,KPL2-A10-410-LV01-MCC01,B,MAA,DOL,FD-LV-MOT,U,I,0,AC,3PNG,0.4,0.86,0.9,55,kW,52.04,kW,0.6,31.22,kW,52.4,Safe Area,-,KPL2-A10-410-SUB01,150,KPL2-A10-410-TR01,Synthetic final load record,SYN-LOAD-0019
A,E,\NEX\A10\410,KPL2-A10-410-LV01-MCC01,KPL2-A10-410-LV01-MCC01,FINAL_LOAD,KPL2-A10-410-MX006,MIXER DRIVE,\NEX\A10\410,KPL2-A10-410-LV01-MCC01,-,MAA,VSD,FD-LV-MOT,N,S,0,AC,3PNG,0.4,0.88,0.92,2.2,kW,1.74,kW,0.7,1.22,kW,2.0,Safe Area,-,KPL2-A10-410-SUB01,120,KPL2-A10-410-TR01,Synthetic final load record,SYN-LOAD-0020
A,E,\NEX\A10\410,KPL2-A10-410-LV01-MCC01,KPL2-A10-410-LV01-MCC01,FINAL_LOAD,KPL2-A10-410-MX007,MIXER DRIVE,\NEX\A10\410,KPL2-A10-410-LV01-MCC01,B,MAA,VSD,FD-LV-MOT,U,C,1,AC,3PNG,0.4,0.88,0.92,18.5,kW,16.7,kW,1.0,16.7,kW,27.4,Safe Area,-,KPL2-A10-410-SUB01,150,KPL2-A10-410-TR01,Synthetic final load record,SYN-LOAD-0021
A,E,\NEX\A10\410,KPL2-A10-410-LV01-MCC01,KPL2-A10-410-LV01-MCC01,FINAL_LOAD,KPL2-A10-410-FN006,VENTILATION FAN,\NEX\A10\410,KPL2-A10-410-LV01-MCC01,-,MAA,DOL,FD-LV-MOT,U,C,1,AC,3PNG,0.4,0.86,0.9,22,kW,16.89,kW,0.8,13.51,kW,22.7,Safe Area,-,KPL2-A10-410-SUB01,35,KPL2-A10-410-TR01,Synthetic final load record,SYN-LOAD-0022
A,E,\NEX\A10\410,KPL2-A10-410-LV01-MCC02,KPL2-A10-410-LV01-MCC02,FINAL_LOAD,KPL2-A10-410-PK001,PACKAGE AUXILIARY LOAD,\NEX\A10\410,KPL2-A10-410-LV01-MCC02,A,PK,FDR,FD-LV-PKG,E,S,0,AC,3PNG,0.4,0.9,0.95,7.5,kW,6.28,kW,0.6,3.77,kW,6.0,Safe Area,-,KPL2-A10-410-SUB01,35,KPL2-A10-410-TR01,Synthetic final load record,SYN-LOAD-0023
A,E,\NEX\A10\410,KPL2-A10-410-LV01-MCC02,KPL2-A10-410-LV01-MCC02,FINAL_LOAD,KPL2-A10-410-FN007,VENTILATION FAN,\NEX\A10\410,KPL2-A10-410-LV01-MCC02,B,MAA,DOL,FD-LV-MOT,U,C,1,AC,3PNG,0.4,0.86,0.9,75,kW,64.21,kW,0.6,38.53,kW,64.7,Safe Area,-,KPL2-A10-410-SUB01,150,KPL2-A10-410-TR01,Synthetic final load record,SYN-LOAD-0024
A,E,\NEX\A10\410,KPL2-A10-410-LV01-MCC02,KPL2-A10-410-LV01-MCC02,FINAL_LOAD,KPL2-A10-410-PP005,PROCESS PUMP,\NEX\A10\410,KPL2-A10-410-LV01-MCC02,B,MAA,VSD,FD-LV-MOT,U,C,1,AC,3PNG,0.4,0.88,0.92,45,kW,38.15,kW,0.7,26.7,kW,43.8,Safe Area,-,KPL2-A10-410-SUB01,95,KPL2-A10-410-TR01,Synthetic final load record,SYN-LOAD-0025
A,E,\NEX\A10\410,KPL2-A10-410-LV01-MCC02,KPL2-A10-410-LV01-MCC02,FINAL_LOAD,KPL2-A10-410-FN008,VENTILATION FAN,\NEX\A10\410,KPL2-A10-410-LV01-MCC02,-,MAA,DOL,FD-LV-MOT,N,S,0,AC,3PNG,0.4,0.86,0.9,5.5,kW,4.66,kW,1.0,4.66,kW,7.8,Safe Area,-,KPL2-A10-410-SUB01,150,KPL2-A10-410-TR01,Synthetic final load record,SYN-LOAD-0026
A,E,\NEX\A10\410,KPL2-A10-410-LV01-MCC02,KPL2-A10-410-LV01-MCC02,FINAL_LOAD,KPL2-A10-410-CP006,AIR COMPRESSOR,\NEX\A10\410,KPL2-A10-410-LV01-MCC02,-,MAA,VSD,FD-LV-MOT,U,S,0,AC,3PNG,0.4,0.89,0.93,37,kW,28.43,kW,0.8,22.74,kW,36.9,Safe Area,-,KPL2-A10-410-SUB01,65,KPL2-A10-410-TR01,Synthetic final load record,SYN-LOAD-0027
A,E,\NEX\A10\410,KPL2-A10-410-LV01-MCC02,KPL2-A10-410-LV01-MCC02,FINAL_LOAD,KPL2-A10-410-HT001,SERVICE HEATER,\NEX\A10\410,KPL2-A10-410-LV01-MCC02,A,HE,FDR,FD-LV-HEAT,N,C,1,AC,3PNG,0.4,1.0,1.0,75,kW,63.32,kW,0.6,37.99,kW,54.8,Safe Area,-,KPL2-A10-410-SUB01,65,KPL2-A10-410-TR01,Synthetic final load record,SYN-LOAD-0028
A,E,\NEX\A10\410,KPL2-A10-410-LV01-MCC02,KPL2-A10-410-LV01-MCC02,FINAL_LOAD,KPL2-A10-410-PP006,PROCESS PUMP,\NEX\A10\410,KPL2-A10-410-LV01-MCC02,A,MAA,VSD,FD-LV-MOT,N,C,1,AC,3PNG,0.4,0.88,0.92,22,kW,18.76,kW,1.0,18.76,kW,30.8,Safe Area,-,KPL2-A10-410-SUB01,120,KPL2-A10-410-TR01,Synthetic final load record,SYN-LOAD-0029
A,E,\NEX\A10\410,KPL2-A10-410-LV01-MCC02,KPL2-A10-410-LV01-MCC02,FINAL_LOAD,KPL2-A10-410-CP007,AIR COMPRESSOR,\NEX\A10\410,KPL2-A10-410-LV01-MCC02,-,MAA,VSD,FD-LV-MOT,N,S,0,AC,3PNG,0.4,0.89,0.93,1.5,kW,1.16,kW,0.6,0.7,kW,1.1,Safe Area,-,KPL2-A10-410-SUB01,50,KPL2-A10-410-TR01,Synthetic final load record,SYN-LOAD-0030
A,E,\NEX\A10\410,KPL2-A10-410-LV01-MCC02,KPL2-A10-410-LV01-MCC02,FINAL_LOAD,KPL2-A10-410-MX008,MIXER DRIVE,\NEX\A10\410,KPL2-A10-410-LV01-MCC02,-,MAA,VSD,FD-LV-MOT,U,C,1,AC,3PNG,0.4,0.88,0.92,30,kW,25.09,kW,1.0,25.09,kW,41.2,Safe Area,-,KPL2-A10-410-SUB01,95,KPL2-A10-410-TR01,Synthetic final load record,SYN-LOAD-0031
A,E,\NEX\A10\410,KPL2-A10-410-LV01-MCC02,KPL2-A10-410-LV01-MCC02,FINAL_LOAD,KPL2-A10-410-HT002,SERVICE HEATER,\NEX\A10\410,KPL2-A10-410-LV01-MCC02,A,HE,FDR,FD-LV-HEAT,N,C,1,AC,3PNG,0.4,1.0,1.0,4,kW,3.63,kW,0.9,3.27,kW,4.7,Safe Area,-,KPL2-A10-410-SUB01,120,KPL2-A10-410-TR01,Synthetic final load record,SYN-LOAD-0032
A,E,\NEX\A10\410,KPL2-A10-410-LV01-MCC02,KPL2-A10-410-LV01-MCC02,FINAL_LOAD,KPL2-A10-410-HT003,SERVICE HEATER,\NEX\A10\410,KPL2-A10-410-LV01-MCC02,-,HE,FDR,FD-LV-HEAT,N,I,0,AC,3PNG,0.4,1.0,1.0,7.5,kW,6.16,kW,0.9,5.54,kW,8.0,Safe Area,-,KPL2-A10-410-SUB01,120,KPL2-A10-410-TR01,Synthetic final load record,SYN-LOAD-0033
A,E,\NEX\A10\410,KPL2-A10-410-LV01-MCC02,KPL2-A10-410-LV01-MCC02,FINAL_LOAD,KPL2-A10-410-CP008,AIR COMPRESSOR,\NEX\A10\410,KPL2-A10-410-LV01-MCC02,A,MAA,VSD,FD-LV-MOT,N,C,1,AC,3PNG,0.4,0.89,0.93,2.2,kW,1.62,kW,0.8,1.3,kW,2.1,Safe Area,-,KPL2-A10-410-SUB01,50,KPL2-A10-410-TR01,Synthetic final load record,SYN-LOAD-0034
A,E,\NEX\A10\410,KPL2-A10-410-LV01-MCC02,KPL2-A10-410-LV01-MCC02,FINAL_LOAD,KPL2-A10-410-PK002,PACKAGE AUXILIARY LOAD,\NEX\A10\410,KPL2-A10-410-LV01-MCC02,A,PK,FDR,FD-LV-PKG,E,S,0,AC,3PNG,0.4,0.9,0.95,15,kW,11.3,kW,0.7,7.91,kW,12.7,Safe Area,-,KPL2-A10-410-SUB01,150,KPL2-A10-410-TR01,Synthetic final load record,SYN-LOAD-0035
A,E,\NEX\A10\410,KPL2-A10-410-LV01-MCC02,KPL2-A10-410-LV01-MCC02,FINAL_LOAD,KPL2-A10-410-PP007,PROCESS PUMP,\NEX\A10\410,KPL2-A10-410-LV01-MCC02,-,MAA,VSD,FD-LV-MOT,N,C,1,AC,3PNG,0.4,0.88,0.92,15,kW,13.71,kW,1.0,13.71,kW,22.5,Safe Area,-,KPL2-A10-410-SUB01,95,KPL2-A10-410-TR01,Synthetic final load record,SYN-LOAD-0036
A,E,\NEX\A10\410,KPL2-A10-410-LV01-MCC02,KPL2-A10-410-LV01-MCC02,FINAL_LOAD,KPL2-A10-410-PP008,PROCESS PUMP,\NEX\A10\410,KPL2-A10-410-LV01-MCC02,B,MAA,VSD,FD-LV-MOT,E,C,1,AC,3PNG,0.4,0.88,0.92,2.2,kW,2.07,kW,0.7,1.45,kW,2.4,Safe Area,-,KPL2-A10-410-SUB01,80,KPL2-A10-410-TR01,Synthetic final load record,SYN-LOAD-0037
A,E,\NEX\A10\410,KPL2-A10-410-LV01-MCC02,KPL2-A10-410-LV01-MCC02,FINAL_LOAD,KPL2-A10-410-FN009,VENTILATION FAN,\NEX\A10\410,KPL2-A10-410-LV01-MCC02,A,MAA,DOL,FD-LV-MOT,E,C,1,AC,3PNG,0.4,0.86,0.9,55,kW,44.89,kW,0.6,26.93,kW,45.2,Safe Area,-,KPL2-A10-410-SUB01,80,KPL2-A10-410-TR01,Synthetic final load record,SYN-LOAD-0038
A,E,\NEX\A10\410,KPL2-A10-410-LV01-DB01,KPL2-A10-410-LV01-DB01,FINAL_LOAD,KPL2-A10-410-HT004,SERVICE HEATER,\NEX\A10\410,KPL2-A10-410-LV01-DB01,-,HE,FDR,FD-LV-HEAT,E,S,0,AC,3PNG,0.4,1.0,1.0,75,kW,68.11,kW,0.9,61.3,kW,88.5,Safe Area,-,KPL2-A10-410-SUB01,120,KPL2-A10-410-TR01,Synthetic final load record,SYN-LOAD-0039
A,E,\NEX\A10\410,KPL2-A10-410-LV01-DB01,KPL2-A10-410-LV01-DB01,FINAL_LOAD,KPL2-A10-410-PK003,PACKAGE AUXILIARY LOAD,\NEX\A10\410,KPL2-A10-410-LV01-DB01,-,PK,FDR,FD-LV-PKG,U,C,1,AC,3PNG,0.4,0.9,0.95,3,kW,2.3,kW,0.7,1.61,kW,2.6,Safe Area,-,KPL2-A10-410-SUB01,95,KPL2-A10-410-TR01,Synthetic final load record,SYN-LOAD-0040
A,E,\NEX\A10\410,KPL2-A10-410-LV01-DB01,KPL2-A10-410-LV01-DB01,FINAL_LOAD,KPL2-A10-410-LP001,LIGHTING DISTRIBUTION PANEL,\NEX\A10\410,KPL2-A10-410-LV01-DB01,-,AL,FDR,FD-LV-LTG,E,I,0,AC,3PNG,0.4,0.95,1.0,37,kW,29.42,kW,0.6,17.65,kW,26.8,Safe Area,-,KPL2-A10-410-SUB01,150,KPL2-A10-410-TR01,Synthetic final load record,SYN-LOAD-0041
A,E,\NEX\A10\410,KPL2-A10-410-LV01-DB01,KPL2-A10-410-LV01-DB01,FINAL_LOAD,KPL2-A10-410-UP001,UPS DISTRIBUTION LOAD,\NEX\A10\410,KPL2-A10-410-LV01-DB01,-,USPB,FDR,FD-LV-UPS,N,C,1,AC,1PNG,0.23,0.98,1.0,1.5,kVA,1.43,kW,0.6,0.86,kW,2.2,Safe Area,-,KPL2-A10-410-SUB01,35,KPL2-A10-410-TR01,Synthetic final load record,SYN-LOAD-0042
A,E,\NEX\A10\410,KPL2-A10-410-LV01-DB01,KPL2-A10-410-LV01-DB01,FINAL_LOAD,KPL2-A10-410-UP002,UPS DISTRIBUTION LOAD,\NEX\A10\410,KPL2-A10-410-LV01-DB01,-,USPB,FDR,FD-LV-UPS,U,C,1,AC,1PNG,0.23,0.98,1.0,11,kVA,8.24,kW,1.0,8.24,kW,21.1,Safe Area,-,KPL2-A10-410-SUB01,35,KPL2-A10-410-TR01,Synthetic final load record,SYN-LOAD-0043
A,E,\NEX\A10\410,KPL2-A10-410-LV01-DB01,KPL2-A10-410-LV01-DB01,FINAL_LOAD,KPL2-A10-410-LP002,LIGHTING DISTRIBUTION PANEL,\NEX\A10\410,KPL2-A10-410-LV01-DB01,B,AL,FDR,FD-LV-LTG,E,I,0,AC,3PNG,0.4,0.95,1.0,11,kW,9.66,kW,1.0,9.66,kW,14.7,Safe Area,-,KPL2-A10-410-SUB01,50,KPL2-A10-410-TR01,Synthetic final load record,SYN-LOAD-0044
A,E,\NEX\A10\410,KPL2-A10-410-LV01-DB01,KPL2-A10-410-LV01-DB01,FINAL_LOAD,KPL2-A10-410-HT005,SERVICE HEATER,\NEX\A10\410,KPL2-A10-410-LV01-DB01,B,HE,FDR,FD-LV-HEAT,U,I,0,AC,3PNG,0.4,1.0,1.0,4,kW,3.13,kW,0.7,2.19,kW,3.2,Safe Area,-,KPL2-A10-410-SUB01,80,KPL2-A10-410-TR01,Synthetic final load record,SYN-LOAD-0045
A,E,\NEX\A10\410,KPL2-A10-410-LV01-DB01,KPL2-A10-410-LV01-DB01,FINAL_LOAD,KPL2-A10-410-HT006,SERVICE HEATER,\NEX\A10\410,KPL2-A10-410-LV01-DB01,-,HE,FDR,FD-LV-HEAT,E,C,1,AC,3PNG,0.4,1.0,1.0,75,kW,67.53,kW,0.6,40.52,kW,58.5,Safe Area,-,KPL2-A10-410-SUB01,95,KPL2-A10-410-TR01,Synthetic final load record,SYN-LOAD-0046
A,E,\NEX\B20\420,KPL2-B20-420-LV02-MCC03,KPL2-B20-420-LV02-MCC03,FINAL_LOAD,KPL2-B20-420-PP001,PROCESS PUMP,\NEX\B20\420,KPL2-B20-420-LV02-MCC03,B,MAA,VSD,FD-LV-MOT,N,S,0,AC,3PNG,0.4,0.88,0.92,30,kW,25.47,kW,1.0,25.47,kW,41.8,Safe Area,-,KPL2-B20-420-SUB02,35,KPL2-B20-420-TR02,Synthetic final load record,SYN-LOAD-0047
A,E,\NEX\B20\420,KPL2-B20-420-LV02-MCC03,KPL2-B20-420-LV02-MCC03,FINAL_LOAD,KPL2-B20-420-MX001,MIXER DRIVE,\NEX\B20\420,KPL2-B20-420-LV02-MCC03,B,MAA,VSD,FD-LV-MOT,U,I,0,AC,3PNG,0.4,0.88,0.92,75,kW,59.13,kW,0.9,53.22,kW,87.3,Safe Area,-,KPL2-B20-420-SUB02,95,KPL2-B20-420-TR02,Synthetic final load record,SYN-LOAD-0048
A,E,\NEX\B20\420,KPL2-B20-420-LV02-MCC03,KPL2-B20-420-LV02-MCC03,FINAL_LOAD,KPL2-B20-420-PP002,PROCESS PUMP,\NEX\B20\420,KPL2-B20-420-LV02-MCC03,A,MAA,VSD,FD-LV-MOT,E,C,1,AC,3PNG,0.4,0.88,0.92,55,kW,51.9,kW,0.6,31.14,kW,51.1,Safe Area,-,KPL2-B20-420-SUB02,35,KPL2-B20-420-TR02,Synthetic final load record,SYN-LOAD-0049
A,E,\NEX\B20\420,KPL2-B20-420-LV02-MCC03,KPL2-B20-420-LV02-MCC03,FINAL_LOAD,KPL2-B20-420-MX099,MIXER DRIVE,\NEX\B20\420,KPL2-B20-420-LV02-MCC03,A,MAA,VSD,FD-LV-MOT,E,I,0,AC,3PNG,0.4,0.88,0.92,55,kW,43.32,kW,0.7,30.32,kW,49.7,Safe Area,-,KPL2-B20-420-SUB02,120,KPL2-B20-420-TR02,Synthetic final load record,SYN-LOAD-0050
A,E,\NEX\B20\420,KPL2-B20-420-LV02-MCC03,KPL2-B20-420-LV02-MCC03,FINAL_LOAD,KPL2-B20-420-CP001,AIR COMPRESSOR,\NEX\B20\420,KPL2-B20-420-LV02-MCC03,B,MAA,VSD,FD-LV-MOT,U,C,1,AC,3PNG,0.4,0.89,0.93,110,kW,85.83,kW,0.6,51.5,kW,83.5,Safe Area,-,KPL2-B20-420-SUB02,150,KPL2-B20-420-TR02,Synthetic final load record,SYN-LOAD-0051
A,E,\NEX\B20\420,KPL2-B20-420-LV02-MCC03,KPL2-B20-420-LV02-MCC03,FINAL_LOAD,KPL2-B20-420-CP002,AIR COMPRESSOR,\NEX\B20\420,KPL2-B20-420-LV02-MCC03,A,MAA,VSD,FD-LV-MOT,E,I,0,AC,3PNG,0.4,0.89,0.93,22,kW,15.86,kW,0.7,11.1,kW,18.0,Safe Area,-,KPL2-B20-420-SUB02,120,KPL2-B20-420-TR02,Synthetic final load record,SYN-LOAD-0052
A,E,\NEX\B20\420,KPL2-B20-420-LV02-MCC03,KPL2-B20-420-LV02-MCC03,FINAL_LOAD,KPL2-B20-420-PK001,PACKAGE AUXILIARY LOAD,\NEX\B20\420,KPL2-B20-420-LV02-MCC03,A,PK,FDR,FD-LV-PKG,U,C,1,AC,3PNG,0.4,0.9,0.95,90,kW,76.92,kW,0.6,46.15,kW,74.0,Safe Area,-,KPL2-B20-420-SUB02,95,KPL2-B20-420-TR02,Synthetic final load record,SYN-LOAD-0053
A,E,\NEX\B20\420,KPL2-B20-420-LV02-MCC03,KPL2-B20-420-LV02-MCC03,FINAL_LOAD,KPL2-B20-420-PP003,PROCESS PUMP,\NEX\B20\420,KPL2-B20-420-LV02-MCC03,A,MAA,VSD,FD-LV-MOT,N,S,0,AC,3PNG,0.4,0.88,0.92,75,kW,64.49,kW,0.7,45.14,kW,74.0,Safe Area,-,KPL2-B20-420-SUB02,65,KPL2-B20-420-TR02,Synthetic final load record,SYN-LOAD-0054
A,E,\NEX\B20\420,KPL2-B20-420-LV02-MCC03,KPL2-B20-420-LV02-MCC03,FINAL_LOAD,KPL2-B20-420-CP003,AIR COMPRESSOR,\NEX\B20\420,KPL2-B20-420-LV02-MCC03,-,MAA,VSD,FD-LV-MOT,N,I,0,AC,3PNG,0.4,0.89,0.93,22,kW,20.59,kW,0.7,14.41,kW,23.4,Safe Area,-,KPL2-B20-420-SUB02,35,KPL2-B20-420-TR02,Synthetic final load record,SYN-LOAD-0055
A,E,\NEX\B20\420,KPL2-B20-420-LV02-MCC03,KPL2-B20-420-LV02-MCC03,FINAL_LOAD,KPL2-B20-420-CP004,AIR COMPRESSOR,\NEX\B20\420,KPL2-B20-420-LV02-MCC03,A,MAA,VSD,FD-LV-MOT,N,C,1,AC,3PNG,0.4,0.89,0.93,90,kW,85.83,kW,0.7,60.08,kW,97.4,Safe Area,-,KPL2-B20-420-SUB02,80,KPL2-B20-420-TR02,Synthetic final load record,SYN-LOAD-0056
A,E,\NEX\B20\420,KPL2-B20-420-LV02-MCC03,KPL2-B20-420-LV02-MCC03,FINAL_LOAD,KPL2-B20-420-PP004,PROCESS PUMP,\NEX\B20\420,KPL2-B20-420-LV02-MCC03,-,MAA,VSD,FD-LV-MOT,U,S,0,AC,3PNG,0.4,0.88,0.92,37,kW,33.18,kW,0.8,26.54,kW,43.5,Safe Area,-,KPL2-B20-420-SUB02,150,KPL2-B20-420-TR02,Synthetic final load record,SYN-LOAD-0057
A,E,\NEX\B20\420,KPL2-B20-420-LV02-MCC03,KPL2-B20-420-LV02-MCC03,FINAL_LOAD,KPL2-B20-420-MX099,MIXER DRIVE,\NEX\B20\420,KPL2-B20-420-LV02-MCC03,B,MAA,VSD,FD-LV-MOT,N,S,0,AC,3PNG,0.4,0.88,0.92,55,kW,41.7,kW,0.6,25.02,kW,41.0,Safe Area,-,KPL2-B20-420-SUB02,50,KPL2-B20-420-TR02,Synthetic final load record,SYN-LOAD-0058
A,E,\NEX\B20\420,KPL2-B20-420-LV02-MCC03,KPL2-B20-420-LV02-MCC03,FINAL_LOAD,KPL2-B20-420-MX004,MIXER DRIVE,\NEX\B20\420,KPL2-B20-420-LV02-MCC03,-,MAA,VSD,FD-LV-MOT,N,C,1,AC,3PNG,0.4,0.88,0.92,110,kW,88.43,kW,0.7,61.9,kW,101.5,Safe Area,-,KPL2-B20-420-SUB02,50,KPL2-B20-420-TR02,Synthetic final load record,SYN-LOAD-0059
A,E,\NEX\B20\420,KPL2-B20-420-LV02-MCC03,KPL2-B20-420-LV02-MCC03,FINAL_LOAD,KPL2-B20-420-PK002,PACKAGE AUXILIARY LOAD,\NEX\B20\420,KPL2-B20-420-LV02-MCC03,-,PK,FDR,FD-LV-PKG,E,S,0,AC,3PNG,0.4,0.9,0.95,75,kW,59.01,kW,0.6,35.41,kW,56.8,Safe Area,-,KPL2-B20-420-SUB02,95,KPL2-B20-420-TR02,Synthetic final load record,SYN-LOAD-0060
A,E,\NEX\B20\420,KPL2-B20-420-LV02-MCC03,KPL2-B20-420-LV02-MCC03,FINAL_LOAD,KPL2-B20-420-PK003,PACKAGE AUXILIARY LOAD,\NEX\B20\420,KPL2-B20-420-LV02-MCC03,-,PK,FDR,FD-LV-PKG,N,S,0,AC,3PNG,0.4,0.9,0.95,75,kW,70.91,kW,0.6,42.55,kW,68.2,Safe Area,-,KPL2-B20-420-SUB02,65,KPL2-B20-420-TR02,Synthetic final load record,SYN-LOAD-0061
A,E,\NEX\B20\420,KPL2-B20-420-LV02-MCC03,KPL2-B20-420-LV02-MCC03,FINAL_LOAD,KPL2-B20-420-PP005,PROCESS PUMP,\NEX\B20\420,KPL2-B20-420-LV02-MCC03,B,MAA,VSD,FD-LV-MOT,E,I,0,AC,3PNG,0.4,0.88,0.92,30,kW,25.9,kW,0.8,20.72,kW,34.0,Safe Area,-,KPL2-B20-420-SUB02,95,KPL2-B20-420-TR02,Synthetic final load record,SYN-LOAD-0062
A,E,\NEX\B20\420,KPL2-B20-420-LV02-MCC03,KPL2-B20-420-LV02-MCC03,FINAL_LOAD,KPL2-B20-420-PP006,PROCESS PUMP,\NEX\B20\420,KPL2-B20-420-LV02-MCC03,-,MAA,VSD,FD-LV-MOT,N,S,0,AC,3PNG,0.4,0.88,0.92,90,kW,84.23,kW,0.7,58.96,kW,96.7,Safe Area,-,KPL2-B20-420-SUB02,80,KPL2-B20-420-TR02,Synthetic final load record,SYN-LOAD-0063
A,E,\NEX\B20\420,KPL2-B20-420-LV02-MCC03,KPL2-B20-420-LV02-MCC03,FINAL_LOAD,KPL2-B20-420-PP007,PROCESS PUMP,\NEX\B20\420,KPL2-B20-420-LV02-MCC03,-,MAA,VSD,FD-LV-MOT,E,I,0,AC,3PNG,0.4,0.88,0.92,45,kW,36.33,kW,0.6,21.8,kW,35.8,Safe Area,-,KPL2-B20-420-SUB02,65,KPL2-B20-420-TR02,Synthetic final load record,SYN-LOAD-0064
A,E,\NEX\B20\420,KPL2-B20-420-LV02-MCC04,KPL2-B20-420-LV02-MCC04,FINAL_LOAD,KPL2-B20-420-CP005,AIR COMPRESSOR,\NEX\B20\420,KPL2-B20-420-LV02-MCC04,-,MAA,VSD,FD-LV-MOT,E,I,0,AC,3PNG,0.4,0.89,0.93,55,kW,41.25,kW,0.8,33.0,kW,53.5,Safe Area,-,KPL2-B20-420-SUB02,80,KPL2-B20-420-TR02,Synthetic final load record,SYN-LOAD-0065
A,E,\NEX\B20\420,KPL2-B20-420-LV02-MCC04,KPL2-B20-420-LV02-MCC04,FINAL_LOAD,KPL2-B20-420-MX005,MIXER DRIVE,\NEX\B20\420,KPL2-B20-420-LV02-MCC04,B,MAA,VSD,FD-LV-MOT,N,C,1,AC,3PNG,6.6,0.88,0.92,11,kW,9.76,kW,1.0,9.76,kW,16.0,Safe Area,-,KPL2-B20-420-SUB02,120,KPL2-B20-420-TR02,Synthetic final load record,SYN-LOAD-0066
A,E,\NEX\B20\420,KPL2-B20-420-LV02-MCC04,KPL2-B20-420-LV02-MCC04,FINAL_LOAD,KPL2-B20-420-HT001,SERVICE HEATER,\NEX\B20\420,KPL2-B20-420-LV02-MCC04,B,HE,FDR,FD-LV-HEAT,U,I,0,AC,3PNG,0.4,1.0,1.0,30,kW,26.99,kW,0.7,18.89,kW,27.3,Safe Area,-,KPL2-B20-420-SUB02,80,KPL2-B20-420-TR02,Synthetic final load record,SYN-LOAD-0067
A,E,\NEX\B20\420,KPL2-B20-420-LV02-MCC04,KPL2-B20-420-LV02-MCC04,FINAL_LOAD,KPL2-B20-420-PK004,PACKAGE AUXILIARY LOAD,\NEX\B20\420,KPL2-B20-420-LV02-MCC04,-,PK,FDR,FD-LV-PKG,E,C,1,AC,3PNG,0.4,0.9,0.95,55,kW,39.61,kW,0.8,31.69,kW,50.8,Safe Area,-,KPL2-B20-420-SUB02,95,KPL2-B20-420-TR02,Synthetic final load record,SYN-LOAD-0068
A,E,\NEX\B20\420,KPL2-B20-420-LV02-MCC04,KPL2-B20-420-LV02-MCC04,FINAL_LOAD,KPL2-B20-420-CP006,AIR COMPRESSOR,\NEX\B20\420,KPL2-B20-420-LV02-MCC04,-,MAA,VSD,FD-LV-MOT,N,I,0,AC,3PNG,0.4,0.89,0.93,7.5,kW,6.24,kW,0.9,5.62,kW,9.1,Safe Area,-,KPL2-B20-420-SUB02,80,KPL2-B20-420-TR02,Synthetic final load record,SYN-LOAD-0069
A,E,\NEX\B20\420,KPL2-B20-420-LV02-MCC04,KPL2-B20-420-LV02-MCC04,FINAL_LOAD,KPL2-B20-420-CP007,AIR COMPRESSOR,\NEX\B20\420,KPL2-B20-420-LV02-MCC04,-,MAA,VSD,FD-LV-MOT,U,I,0,AC,3PNG,0.4,0.89,0.93,3,kW,2.63,kW,0.8,2.1,kW,3.4,Safe Area,-,KPL2-B20-420-SUB02,95,KPL2-B20-420-TR02,Synthetic final load record,SYN-LOAD-0070
A,E,\NEX\B20\420,KPL2-B20-420-LV02-MCC04,KPL2-B20-420-LV02-MCC04,FINAL_LOAD,KPL2-B20-420-MX006,MIXER DRIVE,\NEX\B20\420,KPL2-B20-420-LV02-MCC04,A,MAA,VSD,FD-LV-MOT,E,I,0,AC,3PNG,0.4,0.88,0.92,2.2,kW,2.02,kW,0.7,1.41,kW,2.3,Safe Area,-,KPL2-B20-420-SUB02,150,KPL2-B20-420-TR02,Synthetic final load record,SYN-LOAD-0071
A,E,\NEX\B20\420,KPL2-B20-420-LV02-MCC04,KPL2-B20-420-LV02-MCC04,FINAL_LOAD,KPL2-B20-420-FN001,VENTILATION FAN,\NEX\B20\420,KPL2-B20-420-LV02-MCC04,A,MAA,DOL,FD-LV-MOT,U,S,0,AC,3PNG,0.4,0.86,0.9,3,kW,2.18,kW,0.7,1.53,kW,2.6,Safe Area,-,KPL2-B20-420-SUB02,80,KPL2-B20-420-TR02,Synthetic final load record,SYN-LOAD-0072
A,E,\NEX\B20\420,KPL2-B20-420-LV02-MCC04,KPL2-B20-420-LV02-MCC04,FINAL_LOAD,KPL2-B20-420-HT002,SERVICE HEATER,\NEX\B20\420,KPL2-B20-420-LV02-MCC04,B,HE,FDR,FD-LV-HEAT,U,I,0,AC,3PNG,0.4,1.0,1.0,75,kW,65.34,kW,0.7,45.74,kW,66.0,Safe Area,-,KPL2-B20-420-SUB02,80,KPL2-B20-420-TR02,Synthetic final load record,SYN-LOAD-0073
A,E,\NEX\B20\420,KPL2-B20-420-LV02-MCC04,KPL2-B20-420-LV02-MCC04,FINAL_LOAD,KPL2-B20-420-HT003,SERVICE HEATER,\NEX\B20\420,KPL2-B20-420-LV02-MCC04,A,HE,FDR,FD-LV-HEAT,E,C,1,AC,3PNG,0.4,1.0,1.0,4,kW,3.02,kW,0.6,1.81,kW,2.6,Safe Area,-,KPL2-B20-420-SUB02,50,KPL2-B20-420-TR02,Synthetic final load record,SYN-LOAD-0074
A,E,\NEX\B20\420,KPL2-B20-420-LV02-MCC04,KPL2-B20-420-LV02-MCC04,FINAL_LOAD,KPL2-B20-420-CP008,AIR COMPRESSOR,\NEX\B20\420,KPL2-B20-420-LV02-MCC04,B,MAA,VSD,FD-LV-MOT,N,C,1,AC,3PNG,0.4,0.89,0.93,18.5,kW,15.38,kW,1.0,15.38,kW,24.9,Safe Area,-,KPL2-B20-420-SUB02,50,KPL2-B20-420-TR02,Synthetic final load record,SYN-LOAD-0075
A,E,\NEX\B20\420,KPL2-B20-420-LV02-MCC04,KPL2-B20-420-LV02-MCC04,FINAL_LOAD,KPL2-B20-420-HT004,SERVICE HEATER,\NEX\B20\420,KPL2-B20-420-LV02-MCC04,B,HE,FDR,FD-LV-HEAT,E,I,0,AC,3PNG,0.4,1.0,1.0,30,kW,25.42,kW,1.0,25.42,kW,36.7,Safe Area,-,KPL2-B20-420-SUB02,95,KPL2-B20-420-TR02,Synthetic final load record,SYN-LOAD-0076
A,E,\NEX\B20\420,KPL2-B20-420-LV02-MCC04,KPL2-B20-420-LV02-MCC04,FINAL_LOAD,KPL2-B20-420-CP009,AIR COMPRESSOR,\NEX\B20\420,KPL2-B20-420-LV02-MCC04,-,MAA,VSD,FD-LV-MOT,N,S,0,AC,3PNG,0.4,0.89,0.93,75,kW,63.09,kW,1.0,63.09,kW,102.3,Safe Area,-,KPL2-B20-420-SUB02,150,KPL2-B20-420-TR02,Synthetic final load record,SYN-LOAD-0077
A,E,\NEX\B20\420,KPL2-B20-420-LV02-MCC04,KPL2-B20-420-LV02-MCC04,FINAL_LOAD,KPL2-B20-420-HT005,SERVICE HEATER,\NEX\B20\420,KPL2-B20-420-LV02-MCC04,-,HE,FDR,FD-LV-HEAT,E,I,0,AC,3PNG,0.4,1.0,1.0,15,kW,11.73,kW,0.7,8.21,kW,11.9,Safe Area,-,KPL2-B20-420-SUB02,80,KPL2-B20-420-TR02,Synthetic final load record,SYN-LOAD-0078
A,E,\NEX\B20\420,KPL2-B20-420-LV02-DB02,KPL2-B20-420-LV02-DB02,FINAL_LOAD,KPL2-B20-420-UP001,UPS DISTRIBUTION LOAD,\NEX\B20\420,KPL2-B20-420-LV02-DB02,B,USPB,FDR,FD-LV-UPS,E,C,1,AC,1PNG,0.23,0.98,1.0,5.5,kVA,4.54,kW,0.8,3.63,kW,9.3,Safe Area,-,KPL2-B20-420-SUB02,65,KPL2-B20-420-TR02,Synthetic final load record,SYN-LOAD-0079
A,E,\NEX\B20\420,KPL2-B20-420-LV02-DB02,KPL2-B20-420-LV02-DB02,FINAL_LOAD,KPL2-B20-420-LP001,LIGHTING DISTRIBUTION PANEL,\NEX\B20\420,KPL2-B20-420-LV02-DB02,-,AL,FDR,FD-LV-LTG,N,I,0,AC,3PNG,0.4,0.95,1.0,3,kW,2.27,kW,0.9,2.04,kW,3.1,Safe Area,-,KPL2-B20-420-SUB02,50,KPL2-B20-420-TR02,Synthetic final load record,SYN-LOAD-0080
A,E,\NEX\B20\420,KPL2-B20-420-LV02-DB02,KPL2-B20-420-LV02-DB02,FINAL_LOAD,KPL2-B20-420-LP002,LIGHTING DISTRIBUTION PANEL,\NEX\B20\420,KPL2-B20-420-LV02-DB02,A,AL,FDR,FD-LV-LTG,E,S,0,AC,3PNG,0.4,0.95,1.0,11,kW,9.0,kW,1.0,9.0,kW,13.7,Safe Area,-,KPL2-B20-420-SUB02,50,KPL2-B20-420-TR02,Synthetic final load record,SYN-LOAD-0081
A,E,\NEX\B20\420,KPL2-B20-420-LV02-DB02,KPL2-B20-420-LV02-DB02,FINAL_LOAD,KPL2-B20-420-PK005,PACKAGE AUXILIARY LOAD,\NEX\B20\420,KPL2-B20-420-LV02-DB02,-,PK,FDR,FD-LV-PKG,N,I,0,AC,3PNG,0.4,0.9,0.95,11,kW,10.31,kW,1.0,10.31,kW,16.5,Safe Area,-,KPL2-B20-420-SUB02,80,KPL2-B20-420-TR02,Synthetic final load record,SYN-LOAD-0082
A,E,\NEX\B20\420,KPL2-B20-420-LV02-DB02,KPL2-B20-420-LV02-DB02,FINAL_LOAD,KPL2-B20-420-PK006,PACKAGE AUXILIARY LOAD,\NEX\B20\420,KPL2-B20-420-LV02-DB02,-,PK,FDR,FD-LV-PKG,E,S,0,AC,3PNG,0.4,0.9,0.95,1.5,kW,1.42,kW,0.8,1.14,kW,1.8,Safe Area,-,KPL2-B20-420-SUB02,120,KPL2-B20-420-TR02,Synthetic final load record,SYN-LOAD-0083
A,E,\NEX\B20\420,KPL2-B20-420-LV02-DB02,KPL2-B20-420-LV02-DB02,FINAL_LOAD,KPL2-B20-420-UP002,UPS DISTRIBUTION LOAD,\NEX\B20\420,KPL2-B20-420-LV02-DB02,B,USPB,FDR,FD-LV-UPS,N,S,0,AC,1PNG,0.23,0.98,1.0,15,kVA,11.59,kW,0.9,10.43,kW,26.7,Safe Area,-,KPL2-B20-420-SUB02,65,KPL2-B20-420-TR02,Synthetic final load record,SYN-LOAD-0084
A,E,\NEX\B20\420,KPL2-B20-420-LV02-DB02,KPL2-B20-420-LV02-DB02,FINAL_LOAD,KPL2-B20-420-PK007,PACKAGE AUXILIARY LOAD,\NEX\B20\420,KPL2-B20-420-LV02-DB02,-,PK,FDR,FD-LV-PKG,U,C,1,AC,3PNG,0.4,0.9,0.95,37,kW,28.11,kW,0.9,25.3,kW,40.6,Safe Area,-,KPL2-B20-420-SUB02,35,KPL2-B20-420-TR02,Synthetic final load record,SYN-LOAD-0085
A,E,\NEX\B20\420,KPL2-B20-420-LV02-DB02,KPL2-B20-420-LV02-DB02,FINAL_LOAD,KPL2-B20-420-PK008,PACKAGE AUXILIARY LOAD,\NEX\B20\420,KPL2-B20-420-LV02-DB02,B,PK,FDR,FD-LV-PKG,U,C,1,AC,3PNG,0.4,0.9,0.95,22,kW,18.82,kW,0.6,11.29,kW,18.1,Safe Area,-,KPL2-B20-420-SUB02,50,KPL2-B20-420-TR02,Synthetic final load record,SYN-LOAD-0086
A,E,\NEX\B20\420,KPL2-B20-420-LV02-DB02,KPL2-B20-420-LV02-DB02,FINAL_LOAD,KPL2-B20-420-PK009,PACKAGE AUXILIARY LOAD,\NEX\B20\420,KPL2-B20-420-LV02-DB02,B,PK,FDR,FD-LV-PKG,N,S,0,AC,3PNG,0.4,0.9,0.95,3,kW,2.2,kW,0.9,1.98,kW,3.2,Safe Area,-,KPL2-B20-420-SUB02,65,KPL2-B20-420-TR02,Synthetic final load record,SYN-LOAD-0087
A,E,\NEX\C30\430,KPL2-C30-430-LV03-MCC05,KPL2-C30-430-LV03-MCC05,FINAL_LOAD,KPL2-C30-430-MX001,MIXER DRIVE,\NEX\C30\430,KPL2-C30-430-LV03-MCC05,A,MAA,VSD,FD-LV-MOT,E,S,0,AC,3PNG,0.4,0.88,0.92,45,kW,41.9,kW,0.8,33.52,kW,55.0,Safe Area,-,KPL2-C30-430-SUB03,80,KPL2-C30-430-TR03,Synthetic final load record,SYN-LOAD-0088
A,E,\NEX\C30\430,KPL2-C30-430-LV03-MCC05,KPL2-C30-430-LV03-MCC05,FINAL_LOAD,KPL2-C30-430-PP001,PROCESS PUMP,\NEX\C30\430,KPL2-C30-430-LV03-MCC05,A,MAA,VSD,FD-LV-MOT,U,C,1,AC,3PNG,0.4,0.88,0.92,37,kW,31.43,kW,0.8,25.14,kW,41.2,Safe Area,-,KPL2-C30-430-SUB03,150,KPL2-C30-430-TR03,Synthetic final load record,SYN-LOAD-0089
A,E,\NEX\C30\430,KPL2-C30-430-LV03-MCC05,KPL2-C30-430-LV03-MCC05,FINAL_LOAD,KPL2-C30-430-CP001,AIR COMPRESSOR,\NEX\C30\430,KPL2-C30-430-LV03-MCC05,-,MAA,VSD,FD-LV-MOT,N,C,1,AC,3PNG,0.4,0.89,0.93,1.5,kW,1.35,kW,0.7,0.94,kW,1.5,Safe Area,-,KPL2-C30-430-SUB03,50,KPL2-C30-430-TR03,Synthetic final load record,SYN-LOAD-0090
A,E,\NEX\C30\430,KPL2-C30-430-LV03-MCC05,KPL2-C30-430-LV03-MCC05,FINAL_LOAD,KPL2-C30-430-FN001,VENTILATION FAN,\NEX\C30\430,KPL2-C30-430-LV03-MCC05,B,MAA,DOL,FD-LV-MOT,N,I,0,AC,3PNG,0.4,0.86,0.9,,kW,,kW,0.6,,kW,,Safe Area,-,KPL2-C30-430-SUB03,120,KPL2-C30-430-TR03,Synthetic final load record,SYN-LOAD-0091
A,E,\NEX\C30\430,KPL2-C30-430-LV03-MCC05,KPL2-C30-430-LV03-MCC05,FINAL_LOAD,KPL2-C30-430-MX002,MIXER DRIVE,\NEX\C30\430,KPL2-C30-430-LV03-MCC05,-,MAA,VSD,FD-LV-MOT,U,I,0,AC,3PNG,0.4,0.88,0.92,45,kW,36.38,kW,1.0,36.38,kW,59.7,Safe Area,-,KPL2-C30-430-SUB03,35,KPL2-C30-430-TR03,Synthetic final load record,SYN-LOAD-0092
A,E,\NEX\C30\430,KPL2-C30-430-LV03-MCC05,KPL2-C30-430-LV03-MCC05,FINAL_LOAD,KPL2-C30-430-FN002,VENTILATION FAN,\NEX\C30\430,KPL2-C30-430-LV03-MCC05,-,MAA,DOL,FD-LV-MOT,U,S,0,AC,3PNG,0.4,0.86,0.9,5.5,kW,4.1,kW,0.6,2.46,kW,4.1,Safe Area,-,KPL2-C30-430-SUB03,80,KPL2-C30-430-TR03,Synthetic final load record,SYN-LOAD-0093
A,E,\NEX\C30\430,KPL2-C30-430-LV03-MCC05,KPL2-C30-430-LV03-MCC05,FINAL_LOAD,KPL2-C30-430-HT001,SERVICE HEATER,\NEX\C30\430,KPL2-C30-430-LV03-MCC05,A,HE,FDR,FD-LV-HEAT,U,I,0,AC,3PNG,0.4,1.0,1.0,37,kW,28.4,kW,1.0,28.4,kW,41.0,Safe Area,-,KPL2-C30-430-SUB03,35,KPL2-C30-430-TR03,Synthetic final load record,SYN-LOAD-0094
A,E,\NEX\C30\430,KPL2-C30-430-LV03-MCC05,KPL2-C30-430-LV03-MCC05,FINAL_LOAD,KPL2-C30-430-CP002,AIR COMPRESSOR,\NEX\C30\430,KPL2-C30-430-LV03-MCC05,A,MAA,VSD,FD-LV-MOT,U,C,1,AC,3PNG,0.4,0.89,0.93,45,kW,35.66,kW,1.0,35.66,kW,57.8,Safe Area,-,KPL2-C30-430-SUB03,65,KPL2-C30-430-TR03,Synthetic final load record,SYN-LOAD-0095
A,E,\NEX\C30\430,KPL2-C30-430-LV03-MCC05,KPL2-C30-430-LV03-MCC05,FINAL_LOAD,KPL2-C30-430-PK001,PACKAGE AUXILIARY LOAD,\NEX\C30\430,KPL2-C30-430-LV03-MCC05,B,PK,FDR,FD-LV-PKG,U,I,0,AC,3PNG,0.4,0.9,0.95,11,kW,9.67,kW,0.6,5.8,kW,9.3,Safe Area,-,KPL2-C30-430-SUB03,35,KPL2-C30-430-TR03,Synthetic final load record,SYN-LOAD-0096
A,E,\NEX\C30\430,KPL2-C30-430-LV03-MCC05,KPL2-C30-430-LV03-MCC05,FINAL_LOAD,KPL2-C30-430-HT002,SERVICE HEATER,\NEX\C30\430,KPL2-C30-430-LV03-MCC05,B,HE,FDR,FD-LV-HEAT,U,S,0,AC,3PNG,0.4,1.0,1.0,55,kW,46.07,kW,0.9,41.46,kW,59.8,Safe Area,-,KPL2-C30-430-SUB03,120,KPL2-C30-430-TR03,Synthetic final load record,SYN-LOAD-0097
A,E,\NEX\C30\430,KPL2-C30-430-LV03-MCC05,KPL2-C30-430-LV03-MCC05,FINAL_LOAD,KPL2-C30-430-FN003,VENTILATION FAN,\NEX\C30\430,KPL2-C30-430-LV03-MCC05,-,MAA,DOL,FD-LV-MOT,E,I,0,AC,3PNG,0.4,0.86,0.9,11,kW,8.39,kW,1.0,8.39,kW,14.1,Safe Area,-,KPL2-C30-430-SUB03,150,KPL2-C30-430-TR03,Synthetic final load record,SYN-LOAD-0098
A,E,\NEX\C30\430,KPL2-C30-430-LV03-MCC05,KPL2-C30-430-LV03-MCC05,FINAL_LOAD,KPL2-C30-430-PK002,PACKAGE AUXILIARY LOAD,\NEX\C30\430,KPL2-C30-430-LV03-MCC05,B,PK,FDR,FD-LV-PKG,U,I,0,AC,3PNG,0.4,0.9,0.95,45,kW,37.62,kW,0.9,33.86,kW,54.3,Safe Area,-,KPL2-C30-430-SUB03,65,KPL2-C30-430-TR03,Synthetic final load record,SYN-LOAD-0099
A,E,\NEX\C30\430,KPL2-C30-430-LV03-MCC05,KPL2-C30-430-LV03-MCC05,FINAL_LOAD,KPL2-C30-430-FN004,VENTILATION FAN,\NEX\C30\430,KPL2-C30-430-LV03-MCC05,B,MAA,DOL,FD-LV-MOT,N,S,0,AC,3PNG,0.4,0.86,0.9,55,kW,51.94,kW,0.8,41.55,kW,69.7,Safe Area,-,KPL2-C30-430-SUB03,95,KPL2-C30-430-TR03,Synthetic final load record,SYN-LOAD-0100
A,E,\NEX\C30\430,KPL2-C30-430-LV03-MCC05,KPL2-C30-430-LV03-MCC05,FINAL_LOAD,KPL2-C30-430-PK003,PACKAGE AUXILIARY LOAD,\NEX\C30\430,KPL2-C30-430-LV03-MCC05,A,PK,FDR,FD-LV-PKG,E,S,0,AC,3PNG,0.4,0.9,0.95,30,kW,24.33,kW,0.6,14.6,kW,23.4,Safe Area,-,KPL2-C30-430-SUB03,80,KPL2-C30-430-TR03,Synthetic final load record,SYN-LOAD-0101
A,E,\NEX\C30\430,KPL2-C30-430-LV03-MCC05,KPL2-C30-430-LV03-MCC05,FINAL_LOAD,KPL2-C30-430-FN005,VENTILATION FAN,\NEX\C30\430,KPL2-C30-430-LV03-MCC05,-,MAA,DOL,FD-LV-MOT,U,S,0,AC,3PNG,0.4,0.86,0.9,7.5,kW,6.84,kW,0.8,5.47,kW,9.2,Safe Area,-,KPL2-C30-430-SUB03,65,KPL2-C30-430-TR03,Synthetic final load record,SYN-LOAD-0102
A,E,\NEX\C30\430,KPL2-C30-430-LV03-MCC06,KPL2-C30-430-LV03-MCC06,FINAL_LOAD,KPL2-C30-430-PK004,PACKAGE AUXILIARY LOAD,\NEX\C30\430,KPL2-C30-430-LV03-MCC06,-,PK,FDR,FD-LV-PKG,N,C,1,AC,3PNG,0.4,0.9,0.95,1.5,kW,1.27,kW,0.7,0.89,kW,1.4,Safe Area,-,KPL2-C30-430-SUB03,80,KPL2-C30-430-TR03,Synthetic final load record,SYN-LOAD-0103
A,E,\NEX\C30\430,KPL2-C30-430-LV03-MCC06,KPL2-C30-430-LV03-MCC06,FINAL_LOAD,KPL2-C30-430-HT003,SERVICE HEATER,\NEX\C30\430,KPL2-C30-430-LV03-MCC06,B,HE,FDR,FD-LV-HEAT,U,I,0,AC,3PNG,0.4,1.0,1.0,18.5,kW,16.69,kW,0.9,15.02,kW,21.7,Safe Area,-,KPL2-C30-430-SUB03,80,KPL2-C30-430-TR03,Synthetic final load record,SYN-LOAD-0104
A,E,\NEX\C30\430,KPL2-C30-430-LV03-MCC06,KPL2-C30-430-LV03-MCC06,FINAL_LOAD,KPL2-C30-430-PP002,PROCESS PUMP,\NEX\C30\430,KPL2-C30-430-LV03-MCC06,B,MAA,VSD,FD-LV-MOT,N,I,0,AC,3PNG,0.4,0.88,0.92,2.2,kW,1.74,kW,0.9,1.57,kW,2.6,Safe Area,-,KPL2-C30-430-SUB03,120,KPL2-C30-430-TR03,Synthetic final load record,SYN-LOAD-0105
A,E,\NEX\C30\430,KPL2-C30-430-LV03-MCC06,KPL2-C30-430-LV03-MCC06,FINAL_LOAD,KPL2-C30-430-PK005,PACKAGE AUXILIARY LOAD,\NEX\C30\430,KPL2-C30-430-LV03-MCC06,-,PK,FDR,FD-LV-PKG,E,S,0,AC,3PNG,0.4,0.9,0.95,7.5,kW,6.25,kW,1.0,6.25,kW,10.0,Safe Area,-,KPL2-C30-430-SUB03,95,KPL2-C30-430-TR03,Synthetic final load record,SYN-LOAD-0106
A,E,\NEX\C30\430,KPL2-C30-430-LV03-MCC06,KPL2-C30-430-LV03-MCC06,FINAL_LOAD,KPL2-C30-430-MX003,MIXER DRIVE,\NEX\C30\430,KPL2-C30-430-LV03-MCC06,A,MAA,VSD,FD-LV-MOT,E,S,0,AC,3PNG,0.4,0.88,0.92,7.5,kW,6.67,kW,0.8,5.34,kW,8.8,Safe Area,-,KPL2-C30-430-SUB03,35,KPL2-C30-430-TR03,Synthetic final load record,SYN-LOAD-0107
A,E,\NEX\C30\430,KPL2-C30-430-LV03-MCC06,KPL2-C30-430-LV03-MCC06,FINAL_LOAD,KPL2-C30-430-CP003,AIR COMPRESSOR,\NEX\C30\430,KPL2-C30-430-LV03-MCC06,A,MAA,VSD,FD-LV-MOT,N,I,0,AC,3PNG,0.4,0.89,0.93,4,kW,3.18,kW,1.0,3.18,kW,5.2,Safe Area,-,KPL2-C30-430-SUB03,50,KPL2-C30-430-TR03,Synthetic final load record,SYN-LOAD-0108
A,E,\NEX\C30\430,KPL2-C30-430-LV03-MCC06,KPL2-C30-430-LV03-MCC06,FINAL_LOAD,KPL2-C30-430-CP004,AIR COMPRESSOR,\NEX\C30\430,KPL2-C30-430-LV03-MCC06,B,MAA,VSD,FD-LV-MOT,U,I,0,AC,3PNG,0.4,0.89,0.93,15,kW,11.8,kW,1.0,11.8,kW,19.1,Safe Area,-,KPL2-C30-430-SUB03,35,KPL2-C30-430-TR03,Synthetic final load record,SYN-LOAD-0109
A,E,\NEX\C30\430,KPL2-C30-430-LV03-MCC06,KPL2-C30-430-LV03-MCC06,FINAL_LOAD,KPL2-C30-430-FN006,VENTILATION FAN,\NEX\C30\430,KPL2-C30-430-LV03-MCC06,-,MAA,DOL,FD-LV-MOT,N,S,0,AC,3PNG,0.4,0.86,0.9,5.5,kW,4.26,kW,0.7,2.98,kW,5.0,Safe Area,-,KPL2-C30-430-SUB03,95,KPL2-C30-430-TR03,Synthetic final load record,SYN-LOAD-0110
A,E,\NEX\C30\430,KPL2-C30-430-LV03-MCC06,KPL2-C30-430-LV03-MCC06,FINAL_LOAD,KPL2-C30-430-FN007,VENTILATION FAN,\NEX\C30\430,KPL2-C30-430-LV03-MCC06,-,MAA,DOL,FD-LV-MOT,E,I,0,AC,3PNG,0.4,0.86,0.9,5.5,kW,4.02,kW,0.6,2.41,kW,4.0,Safe Area,-,KPL2-C30-430-SUB03,50,KPL2-C30-430-TR03,Synthetic final load record,SYN-LOAD-0111
A,E,\NEX\C30\430,KPL2-C30-430-LV03-MCC06,KPL2-C30-430-LV03-MCC06,FINAL_LOAD,KPL2-C30-430-CP005,AIR COMPRESSOR,\NEX\C30\430,KPL2-C30-430-LV03-MCC06,B,MAA,VSD,FD-LV-MOT,U,C,1,AC,3PNG,0.4,0.89,0.93,55,kW,49.54,kW,0.6,29.72,kW,48.2,Safe Area,-,KPL2-C30-430-SUB03,80,KPL2-C30-430-TR03,Synthetic final load record,SYN-LOAD-0112
A,E,\NEX\C30\430,KPL2-C30-430-LV03-MCC06,KPL2-C30-430-LV03-MCC06,FINAL_LOAD,KPL2-C30-430-HT004,SERVICE HEATER,\NEX\C30\430,KPL2-C30-430-LV03-MCC06,A,HE,FDR,FD-LV-HEAT,E,S,0,AC,3PNG,0.4,1.0,1.0,15,kW,12.03,kW,0.6,7.22,kW,10.4,Safe Area,-,KPL2-C30-430-SUB03,150,KPL2-C30-430-TR03,Synthetic final load record,SYN-LOAD-0113
A,E,\NEX\C30\430,KPL2-C30-430-LV03-MCC06,KPL2-C30-430-LV03-MCC06,FINAL_LOAD,KPL2-C30-430-PP003,PROCESS PUMP,\NEX\C30\430,KPL2-C30-430-LV03-MCC06,A,MAA,VSD,FD-LV-MOT,U,I,0,AC,3PNG,0.4,0.88,0.92,11,kW,9.22,kW,1.0,9.22,kW,15.1,Safe Area,-,KPL2-C30-430-SUB03,50,KPL2-C30-430-TR03,Synthetic final load record,SYN-LOAD-0114
A,E,\NEX\C30\430,KPL2-C30-430-MV01-SWG01,KPL2-C30-430-MV01-SWG01,FINAL_LOAD,KPL2-C30-430-MV001,MEDIUM VOLTAGE MOTOR,\NEX\C30\430,KPL2-C30-430-MV01-SWG01,-,MAA,FDR,FD-MV-MOT,N,C,1,AC,3PNG,6.6,0.9,0.95,800,kW,758.23,kW,0.6,454.94,kW,44.2,Safe Area,-,KPL2-C30-430-SUB03,150,KPL2-C30-430-MV01-SWBD03,Synthetic final load record,SYN-LOAD-0115
A,E,\NEX\C30\430,KPL2-C30-430-MV01-SWG01,KPL2-C30-430-MV01-SWG01,FINAL_LOAD,KPL2-C30-430-MV002,MEDIUM VOLTAGE MOTOR,\NEX\C30\430,KPL2-C30-430-MV01-SWG01,B,MAA,FDR,FD-MV-MOT,U,C,1,AC,3PNG,6.6,0.9,0.95,800,kW,690.46,kW,1.0,690.46,kW,67.1,Safe Area,-,KPL2-C30-430-SUB03,80,KPL2-C30-430-MV01-SWBD03,Synthetic final load record,SYN-LOAD-0116
A,E,\NEX\C30\430,KPL2-C30-430-MV01-SWG01,KPL2-C30-430-MV01-SWG01,FINAL_LOAD,KPL2-C30-430-MV003,MEDIUM VOLTAGE MOTOR,\NEX\C30\430,KPL2-C30-430-MV01-SWG01,-,MAA,FDR,FD-MV-MOT,U,S,0,AC,3PNG,6.6,0.9,0.95,560,kW,518.81,kW,0.9,466.93,kW,45.4,Safe Area,-,KPL2-C30-430-SUB03,35,KPL2-C30-430-MV01-SWBD03,Synthetic final load record,SYN-LOAD-0117
A,E,\NEX\C30\430,KPL2-C30-430-MV01-SWG01,KPL2-C30-430-MV01-SWG01,FINAL_LOAD,KPL2-C30-430-MV004,MEDIUM VOLTAGE MOTOR,\NEX\C30\430,KPL2-C30-430-MV01-SWG01,A,MAA,FDR,FD-MV-MOT,N,I,0,AC,3PNG,6.6,0.9,0.95,400,kW,348.05,kW,0.8,278.44,kW,27.1,Safe Area,-,KPL2-C30-430-SUB03,50,KPL2-C30-430-MV01-SWBD03,Synthetic final load record,SYN-LOAD-0118
A,E,\NEX\C30\430,KPL2-C30-430-MV01-SWG01,KPL2-C30-430-MV01-SWG01,FINAL_LOAD,KPL2-C30-430-MV005,MEDIUM VOLTAGE MOTOR,\NEX\C30\430,KPL2-C30-430-MV01-SWG01,-,MAA,FDR,FD-MV-MOT,E,S,0,AC,3PNG,6.6,0.9,0.95,800,kW,590.41,kW,0.6,354.25,kW,34.4,Safe Area,-,KPL2-C30-430-SUB03,95,KPL2-C30-430-MV01-SWBD03,Synthetic final load record,SYN-LOAD-0119
A,E,\NEX\A10\410,KPL2-A10-410-LV01-DB01,KPL2-A10-410-LV01-DB01,FINAL_LOAD,KPL2-A10-410-PP009,PROCESS PUMP,\NEX\A10\410,KPL2-A10-410-LV01-DB01,-,HE,FDR,FD-LV-HEAT,E,C,1,AC,3PNG,0.4,1.0,1.0,75,kW,67.53,kW,0.6,40.52,kW,58.5,Safe Area,-,KPL2-A10-410-SUB01,95,KPL2-A10-410-TR01,Synthetic final load record,SYN-LOAD-0120
A,E,\NEX\Z90\999,KPL2-Z90-999-LV99-MCC99,KPL2-Z90-999-LV99-MCC99,FINAL_LOAD,KPL2-Z90-999-PP001,PROCESS PUMP,\NEX\Z90\999,KPL2-Z90-999-LV99-MCC99,-,MAA,VSD,FD-LV-MOT,N,C,1,AC,3PNG,0.4,0.88,0.92,18.5,kW,16.2,kW,0.7,14.6,kW,26.4,Safe Area,-,KPL2-Z90-999-SUB99,35,KPL2-Z90-999-TR99,Synthetic final load record,SYN-LOAD-0121
